,AllWaitMean,AllQueueMean,AllQueueNum,AllServerMean
0,3.1031558417457505,3.127773149498423,7,0.8072765389331139
